[{"id":"user-image-TesteMulheres.png","publicUrl":"np://user.desktop.nicepage.com/Site_18002495/images/TesteMulheres.png","size":7450,"fileName":"TesteMulheres.png","name":"TesteMulheres","width":800,"height":600,"thumbnail":{"url":"np://user.desktop.nicepage.com/Site_18002495/images/thumbnails/TesteMulheres.png","width":250,"height":188}},{"id":"user-image-3714826.png","publicUrl":"np://user.desktop.nicepage.com/Site_18002495/images/3714826.png","size":6157,"fileName":"3714826.png","name":"3714826","width":128,"height":128,"thumbnail":{"url":"np://user.desktop.nicepage.com/Site_18002495/images/thumbnails/3714826.png","width":128,"height":128,"length":6157,"type":"png"}},{"id":"user-image-4113045.png","publicUrl":"np://user.desktop.nicepage.com/Site_18002495/images/4113045.png","size":10625,"fileName":"4113045.png","name":"4113045","width":128,"height":128,"thumbnail":{"url":"np://user.desktop.nicepage.com/Site_18002495/images/thumbnails/4113045.png","width":128,"height":128,"length":10625,"type":"png"}},{"id":"user-image-GloriaMaria.jpg","publicUrl":"np://user.desktop.nicepage.com/Site_18002495/images/GloriaMaria.jpg","size":29558,"fileName":"GloriaMaria.jpg","name":"GloriaMaria","width":700,"height":466,"thumbnail":{"url":"np://user.desktop.nicepage.com/Site_18002495/images/thumbnails/GloriaMaria.jpg","width":250,"height":166}},{"id":"user-image-Lynn1.png","publicUrl":"np://user.desktop.nicepage.com/Site_18002495/images/Lynn1.png","size":187275,"fileName":"Lynn1.png","name":"Lynn1","width":336,"height":401,"thumbnail":{"url":"np://user.desktop.nicepage.com/Site_18002495/images/thumbnails/Lynn1.png","width":209,"height":250}},{"id":"user-image-3298995.png","publicUrl":"np://user.desktop.nicepage.com/Site_18002495/images/3298995.png","size":5679,"fileName":"3298995.png","name":"3298995","width":128,"height":128,"thumbnail":{"url":"np://user.desktop.nicepage.com/Site_18002495/images/thumbnails/3298995.png","width":128,"height":128,"length":5679,"type":"png"}},{"id":"user-image-2004580.png","publicUrl":"np://user.desktop.nicepage.com/Site_18002495/images/2004580.png","size":1368,"fileName":"2004580.png","name":"2004580","width":128,"height":128,"thumbnail":{"url":"np://user.desktop.nicepage.com/Site_18002495/images/thumbnails/2004580.png","width":128,"height":128,"length":1368,"type":"png"}},{"id":"user-image-5569162.png","publicUrl":"np://user.desktop.nicepage.com/Site_18002495/images/5569162.png","size":3585,"fileName":"5569162.png","name":"5569162","width":128,"height":128,"thumbnail":{"url":"np://user.desktop.nicepage.com/Site_18002495/images/thumbnails/5569162.png","width":128,"height":128,"length":3585,"type":"png"}},{"id":"user-image-gloria-maria-2018-220171204_0003.webp","publicUrl":"np://user.desktop.nicepage.com/Site_18002495/images/gloria-maria-2018-220171204_0003.webp","size":405316,"fileName":"gloria-maria-2018-220171204_0003.webp","name":"gloria-maria-2018-220171204_0003","width":1125,"height":750,"thumbnail":{"url":"np://user.desktop.nicepage.com/Site_18002495/images/gloria-maria-2018-220171204_0003.webp","width":250,"height":167}},{"id":"user-image-Lynn-Conway-scaled.jpg","publicUrl":"np://user.desktop.nicepage.com/Site_18002495/images/Lynn-Conway-scaled.jpg","size":1263217,"fileName":"Lynn-Conway-scaled.jpg","name":"Lynn-Conway-scaled","width":2560,"height":2466,"thumbnail":{"url":"np://user.desktop.nicepage.com/Site_18002495/images/thumbnails/Lynn-Conway-scaled.jpg","width":250,"height":241}},{"id":"user-image-MyrianKrexu.jpg","publicUrl":"np://user.desktop.nicepage.com/Site_18002495/images/MyrianKrexu.jpg","size":55677,"fileName":"MyrianKrexu.jpg","name":"MyrianKrexu","width":640,"height":960,"thumbnail":{"url":"np://user.desktop.nicepage.com/Site_18002495/images/thumbnails/MyrianKrexu.jpg","width":167,"height":250}},{"id":"user-image-MyrianKrexu1.jpg","publicUrl":"np://user.desktop.nicepage.com/Site_18002495/images/MyrianKrexu1.jpg","size":147607,"fileName":"MyrianKrexu1.jpg","name":"MyrianKrexu1","width":1440,"height":1800,"thumbnail":{"url":"np://user.desktop.nicepage.com/Site_18002495/images/thumbnails/MyrianKrexu1.jpg","width":200,"height":250}},{"id":"user-image-katherine-johnson.webp","publicUrl":"np://user.desktop.nicepage.com/Site_18002495/images/katherine-johnson.webp","size":373288,"fileName":"katherine-johnson.webp","name":"katherine-johnson","width":1024,"height":682,"thumbnail":{"url":"np://user.desktop.nicepage.com/Site_18002495/images/katherine-johnson.webp","width":250,"height":167}},{"id":"user-image-lrc-2016-h1_p_katherine_g._johnson-050507.jpg","publicUrl":"np://user.desktop.nicepage.com/Site_18002495/images/lrc-2016-h1_p_katherine_g._johnson-050507.jpg","size":614706,"fileName":"lrc-2016-h1_p_katherine_g._johnson-050507.jpg","name":"lrc-2016-h1_p_katherine_g._johnson-050507","width":2048,"height":1536,"thumbnail":{"url":"np://user.desktop.nicepage.com/Site_18002495/images/thumbnails/lrc-2016-h1_p_katherine_g._johnson-050507.jpg","width":250,"height":188}}]